Date ,series ,OPEN ,HIGH ,LOW ,PREV. CLOSE ,ltp ,close ,vwap ,52W H ,52W L ,VOLUME ,VALUE ,No of trades 
13-May-2022,EQ,"23,000.00","23,080.05","22,400.00","22,627.40","22,480.00","22,565.35","22,712.90","31,469.95","21,650.00",44842,"1,018,491,800.60",13732
12-May-2022,EQ,"23,172.00","23,382.30","22,508.85","23,382.30","22,620.05","22,627.40","22,903.46","31,469.95","21,650.00",43801,"1,003,194,301.20",14756
11-May-2022,EQ,"24,460.00","24,740.00","23,251.05","24,300.60","23,499.00","23,382.30","23,654.20","31,469.95","21,650.00",43449,"1,027,751,262.20",15302
10-May-2022,EQ,"24,000.30","24,516.90","23,899.15","24,058.30","24,480.00","24,300.60","24,351.47","31,469.95","21,650.00",33489,"815,506,305.50",9925
09-May-2022,EQ,"23,880.00","24,187.70","23,500.05","23,973.65","24,169.00","24,058.30","23,867.89","31,469.95","21,650.00",35191,"839,934,821.60",12344
06-May-2022,EQ,"24,850.00","25,059.20","23,850.00","25,088.65","23,951.00","23,973.65","24,306.06","31,469.95","21,650.00",43939,"1,067,983,821.60",15445
05-May-2022,EQ,"25,427.30","26,100.00","25,018.10","25,193.50","25,150.00","25,088.65","25,459.21","31,469.95","21,650.00",33435,"851,228,748.60",11438
04-May-2022,EQ,"26,199.00","26,199.00","25,108.10","26,230.20","25,225.00","25,193.50","25,627.02","31,469.95","21,650.00",29265,"749,974,700.20",9217
02-May-2022,EQ,"25,812.85","26,284.75","25,601.45","25,921.50","26,200.00","26,230.20","26,032.21","31,469.95","21,650.00",33592,"874,473,991.25",10554
29-Apr-2022,EQ,"25,872.80","26,340.00","25,777.55","25,872.60","25,830.55","25,921.50","26,082.57","31,469.95","21,650.00",34276,"894,006,146.50",13233
28-Apr-2022,EQ,"25,890.00","26,075.00","25,482.40","25,574.80","25,830.00","25,872.60","25,796.13","31,469.95","21,650.00",27928,"720,434,228.15",9130
27-Apr-2022,EQ,"26,011.00","26,080.00","25,441.95","26,171.30","25,460.05","25,574.80","25,696.78","31,469.95","21,650.00",26064,"669,760,767.60",8882
26-Apr-2022,EQ,"25,975.00","26,330.75","25,840.50","25,649.60","26,031.20","26,171.30","26,162.91","31,469.95","21,650.00",26557,"694,808,320.80",9764
25-Apr-2022,EQ,"25,700.50","26,023.35","25,515.00","25,855.25","25,698.00","25,649.60","25,717.33","31,469.95","21,650.00",26453,"680,300,578.40",7617
22-Apr-2022,EQ,"25,801.10","26,015.00","25,605.85","26,056.55","25,901.05","25,855.25","25,850.64","31,469.95","21,650.00",17334,"448,095,056.10",5709
21-Apr-2022,EQ,"25,750.00","26,100.00","25,625.10","25,713.85","26,061.10","26,056.55","25,925.64","31,469.95","21,650.00",20640,"535,105,189.90",7240
20-Apr-2022,EQ,"25,099.00","25,775.00","24,880.05","24,860.90","25,775.00","25,713.85","25,525.72","31,469.95","21,650.00",46140,"1,177,756,711.25",13396
19-Apr-2022,EQ,"25,400.00","25,775.35","24,649.40","25,435.35","24,712.15","24,860.90","25,410.36","31,469.95","21,650.00",38327,"973,902,972.30",13255
18-Apr-2022,EQ,"25,170.00","25,500.05","24,900.00","25,363.55","25,420.15","25,435.35","25,292.83","31,469.95","21,650.00",34525,"873,234,850.80",11015
13-Apr-2022,EQ,"25,122.65","25,515.35","25,120.00","25,122.65","25,360.00","25,363.55","25,359.55","31,497.40","21,650.00",36907,"935,944,962.20",10857
12-Apr-2022,EQ,"25,100.00","25,399.95","24,850.00","25,203.65","25,079.35","25,122.65","25,149.85","31,497.40","21,650.00",46653,"1,173,315,909.60",12368
11-Apr-2022,EQ,"25,260.65","25,492.85","24,951.00","25,260.65","25,192.95","25,203.65","25,253.79","31,497.40","21,650.00",35975,"908,505,011.75",12282
08-Apr-2022,EQ,"24,750.00","25,290.00","24,601.85","24,742.50","25,265.00","25,260.65","25,041.33","32,048.00","21,650.00",29884,"748,335,088.80",10553
07-Apr-2022,EQ,"24,730.00","25,066.45","24,567.00","24,733.00","24,860.00","24,742.50","24,825.13","32,048.00","21,650.00",30112,"747,534,251.40",10347
06-Apr-2022,EQ,"25,000.00","25,278.50","24,657.95","25,157.95","24,750.00","24,733.00","24,894.42","32,048.00","21,650.00",33643,"837,523,102.90",12157
05-Apr-2022,EQ,"24,720.00","25,270.00","24,682.50","24,765.05","25,100.00","25,157.95","25,084.87","32,048.00","21,650.00",32602,"817,816,966.50",11168
04-Apr-2022,EQ,"24,590.00","24,820.00","24,328.95","24,612.85","24,645.45","24,765.05","24,649.89","32,048.00","21,650.00",23605,"581,860,744.05",9910
01-Apr-2022,EQ,"23,995.00","24,651.00","23,951.05","24,032.60","24,598.00","24,612.85","24,390.75","32,048.00","21,650.00",34916,"851,627,506.95",11097
31-Mar-2022,EQ,"24,309.00","24,329.55","23,905.75","24,089.15","23,930.10","24,032.60","24,054.75","32,048.00","21,650.00",22006,"529,348,811.75",8516
30-Mar-2022,EQ,"23,840.00","24,150.00","23,709.50","23,645.55","24,065.00","24,089.15","24,040.47","32,048.00","21,650.00",34361,"826,054,540.45",11484
29-Mar-2022,EQ,"23,230.00","23,740.00","23,230.00","23,197.55","23,639.00","23,645.55","23,590.97","32,048.00","21,650.00",31238,"736,934,815.70",9602
28-Mar-2022,EQ,"23,411.55","23,449.70","22,905.00","23,259.35","23,182.95","23,197.55","23,105.76","32,048.00","21,650.00",28362,"655,325,692.20",12540
25-Mar-2022,EQ,"23,495.95","23,495.95","23,151.00","23,273.75","23,263.00","23,259.35","23,275.84","32,048.00","21,650.00",34349,"799,501,803.60",13871
24-Mar-2022,EQ,"23,413.20","23,630.00","23,200.20","23,413.20","23,225.20","23,273.75","23,369.62","32,048.00","21,650.00",29951,"699,943,484.65",12073
23-Mar-2022,EQ,"23,460.00","23,650.00","23,275.00","23,373.30","23,417.00","23,413.20","23,474.74","32,048.00","21,650.00",39577,"929,059,705.75",11946
22-Mar-2022,EQ,"23,345.80","23,669.50","23,032.00","23,390.30","23,380.00","23,373.30","23,308.06","32,048.00","21,650.00",39121,"911,834,768.40",13073
21-Mar-2022,EQ,"24,188.05","24,188.05","23,333.00","24,090.20","23,360.00","23,390.30","23,627.97","32,048.00","21,650.00",50943,"1,203,679,845.95",15979
17-Mar-2022,EQ,"23,801.00","24,385.00","23,701.40","23,595.45","24,130.00","24,090.20","24,140.02","32,048.00","21,650.00",65189,"1,573,663,491.30",20285
16-Mar-2022,EQ,"22,950.00","23,714.85","22,762.90","22,800.50","23,491.00","23,595.45","23,316.61","32,048.00","21,650.00",58201,"1,357,049,790.70",18130
15-Mar-2022,EQ,"22,322.05","22,850.00","22,301.05","22,361.45","22,769.00","22,800.50","22,596.96","32,048.00","21,650.00",83329,"1,882,981,846.75",26738
14-Mar-2022,EQ,"22,394.60","22,424.95","21,960.00","22,394.60","22,388.95","22,361.45","22,203.80","32,048.00","21,650.00",31448,"698,264,989.40",10707
11-Mar-2022,EQ,"22,150.00","22,434.40","21,919.30","22,197.60","22,400.00","22,394.60","22,262.40","32,048.00","21,650.00",45123,"1,004,546,141.10",13211
10-Mar-2022,EQ,"22,300.00","22,749.90","22,050.00","21,964.65","22,060.10","22,197.60","22,289.87","32,048.00","21,650.00",342415,"7,632,386,015.05",37190
09-Mar-2022,EQ,"22,583.00","22,697.90","21,848.55","22,583.85","21,990.00","21,964.65","22,000.49","32,048.00","21,650.00",246411,"5,421,162,398.80",35500
08-Mar-2022,EQ,"21,985.00","22,703.95","21,712.00","21,990.35","22,213.55","22,583.85","22,124.16","32,048.00","21,650.00",51900,"1,148,243,870.90",19441
07-Mar-2022,EQ,"22,149.85","22,370.15","21,650.00","22,550.35","22,050.00","21,990.35","21,945.79","32,048.00","21,650.00",55412,"1,216,060,167.05",18441
04-Mar-2022,EQ,"22,899.00","22,899.00","22,116.65","22,827.05","22,550.00","22,550.35","22,500.99","32,048.00","22,116.65",92672,"2,085,211,302.70",27042
03-Mar-2022,EQ,"24,026.00","24,226.00","22,748.45","23,932.65","22,860.00","22,827.05","23,300.66","32,048.00","22,748.45",80837,"1,883,555,097.25",28463
02-Mar-2022,EQ,"24,105.00","24,200.00","23,656.00","24,414.70","23,955.00","23,932.65","23,904.02","32,048.00","22,832.00",44055,"1,053,091,383.85",15970
28-Feb-2022,EQ,"23,870.00","24,496.00","23,560.30","23,983.45","24,496.00","24,414.70","24,116.76","32,048.00","22,832.00",39994,"964,525,586.45",14785
25-Feb-2022,EQ,"23,615.30","24,090.00","23,500.00","23,152.25","23,990.00","23,983.45","23,868.73","32,048.00","22,832.00",46935,"1,120,278,627.30",15135
24-Feb-2022,EQ,"24,100.30","24,229.20","22,832.00","24,603.45","23,100.00","23,152.25","23,670.06","32,048.00","22,832.00",93756,"2,219,209,949.10",26077
23-Feb-2022,EQ,"24,600.00","24,799.35","24,146.00","24,393.70","24,440.00","24,603.45","24,541.13","32,048.00","23,500.05",46904,"1,151,077,390.60",14309
22-Feb-2022,EQ,"23,991.00","24,550.00","23,910.00","24,678.35","24,500.00","24,393.70","24,307.84","32,048.00","23,500.05",62313,"1,514,694,181.50",18540
21-Feb-2022,EQ,"24,340.00","24,993.00","24,050.05","24,349.55","24,660.00","24,678.35","24,689.88","32,048.00","23,500.05",65698,"1,622,075,935.05",17156
18-Feb-2022,EQ,"24,590.00","24,740.00","24,110.10","24,723.85","24,417.00","24,349.55","24,366.60","32,048.00","23,500.05",36614,"892,158,847.60",12519
17-Feb-2022,EQ,"25,189.75","25,189.75","24,579.25","24,916.35","24,660.00","24,723.85","24,849.44","32,048.00","23,500.05",30441,"756,441,798.60",9894
16-Feb-2022,EQ,"24,931.50","25,184.60","24,565.70","24,909.20","24,822.70","24,916.35","24,877.27","32,048.00","23,500.05",35980,"895,084,251.65",10912
15-Feb-2022,EQ,"23,605.00","24,972.85","23,589.20","23,589.20","24,839.00","24,909.20","24,493.14","32,048.00","23,500.05",53569,"1,312,072,986.95",18079
14-Feb-2022,EQ,"24,550.00","24,630.00","23,511.00","24,900.30","23,515.00","23,589.20","23,950.75","32,048.00","23,500.05",35182,"842,635,156.10",13384
11-Feb-2022,EQ,"24,900.00","25,174.55","24,680.05","25,247.40","24,865.75","24,900.30","24,851.21","32,048.00","23,500.05",19479,"484,076,667.25",8300
10-Feb-2022,EQ,"25,467.00","25,559.90","25,183.15","25,466.15","25,238.00","25,247.40","25,325.19","32,048.00","23,500.05",19294,"488,624,268.05",11103
09-Feb-2022,EQ,"24,925.00","25,599.00","24,677.85","24,764.00","25,580.00","25,466.15","25,270.87","32,048.00","23,500.05",32205,"813,848,244.60",12185
08-Feb-2022,EQ,"24,920.00","25,029.75","24,507.05","24,865.55","24,748.00","24,764.00","24,770.71","32,048.00","23,500.05",29111,"721,100,125.90",13995
07-Feb-2022,EQ,"24,489.00","25,125.00","24,300.00","24,724.05","24,879.95","24,865.55","24,746.34","32,048.00","23,500.05",39058,"966,542,610.25",14786
04-Feb-2022,EQ,"24,805.00","25,224.00","24,625.00","24,800.90","24,710.00","24,724.05","24,932.88","32,048.00","22,711.95",34121,"850,734,833.55",12490
03-Feb-2022,EQ,"25,280.00","25,399.95","24,712.05","25,265.45","24,770.00","24,800.90","24,977.97","32,048.00","22,711.95",21469,"536,251,936.35",9800
02-Feb-2022,EQ,"25,590.00","25,884.60","25,160.00","25,489.65","25,275.00","25,265.45","25,376.17","32,048.00","22,711.95",25400,"644,554,737.15",10384
01-Feb-2022,EQ,"24,590.00","25,635.00","24,340.05","24,267.10","25,595.00","25,489.65","25,128.32","32,048.00","22,711.95",78151,"1,963,803,440.35",22608
31-Jan-2022,EQ,"24,550.00","24,550.00","24,210.60","24,124.70","24,239.80","24,267.10","24,345.03","32,048.00","22,711.95",19599,"477,138,171.90",7201
28-Jan-2022,EQ,"23,943.90","24,597.80","23,943.90","23,961.80","24,050.00","24,124.70","24,279.34","32,048.00","22,531.00",24109,"585,350,563.30",10651
27-Jan-2022,EQ,"24,390.00","24,390.00","23,752.15","24,497.50","24,000.00","23,961.80","23,973.60","32,048.00","22,531.00",38764,"929,312,656.15",13007
25-Jan-2022,EQ,"24,100.00","24,671.95","23,500.05","24,320.90","24,495.45","24,497.50","24,344.83","32,048.00","22,531.00",43208,"1,051,891,337.15",17421
24-Jan-2022,EQ,"25,182.60","25,289.95","24,072.60","25,037.20","24,359.55","24,320.90","24,515.99","32,048.00","22,531.00",50537,"1,238,964,702.20",14966
21-Jan-2022,EQ,"25,885.00","25,885.00","24,811.55","26,072.35","24,900.00","25,037.20","25,107.45","32,048.00","22,531.00",133581,"3,353,878,226.75",26715
20-Jan-2022,EQ,"26,578.80","26,713.00","25,954.90","26,402.25","26,040.00","26,072.35","26,207.39","32,048.00","22,531.00",40050,"1,049,605,989.90",15841
19-Jan-2022,EQ,"26,950.50","27,099.50","26,350.00","27,155.55","26,395.00","26,402.25","26,509.56","32,048.00","22,531.00",48367,"1,282,187,764.20",15732
18-Jan-2022,EQ,"27,550.00","27,639.65","26,850.00","27,545.35","26,900.00","27,155.55","27,296.85","32,048.00","22,531.00",44022,"1,201,662,032.70",12225
17-Jan-2022,EQ,"27,005.00","27,936.75","26,654.50","27,078.45","27,493.80","27,545.35","27,264.28","32,048.00","22,531.00",47661,"1,299,442,720.65",14796
14-Jan-2022,EQ,"26,830.00","27,150.00","26,577.25","26,855.30","27,000.00","27,078.45","26,982.09","32,048.00","22,531.00",24063,"649,270,042.90",7891
13-Jan-2022,EQ,"26,888.00","26,950.00","26,360.00","26,715.50","26,874.90","26,855.30","26,641.82","32,048.00","22,531.00",32020,"853,070,987.95",10988
12-Jan-2022,EQ,"27,120.00","27,283.70","26,583.00","27,038.55","26,750.00","26,715.50","26,772.62","32,048.00","22,531.00",41881,"1,121,264,207.80",14710
11-Jan-2022,EQ,"27,000.50","27,220.00","26,800.00","26,945.05","26,998.20","27,038.55","27,051.78","32,048.00","22,531.00",26722,"722,877,549.00",9332
10-Jan-2022,EQ,"27,000.00","27,236.95","26,820.05","27,046.25","27,000.50","26,945.05","26,946.37","32,048.00","22,531.00",21424,"577,298,951.90",8398
07-Jan-2022,EQ,"26,658.65","27,266.25","26,572.55","26,528.05","27,029.90","27,046.25","26,928.17","32,048.00","22,531.00",32658,"879,420,186.50",10250
06-Jan-2022,EQ,"27,000.00","27,167.10","26,250.65","27,214.65","26,509.00","26,528.05","26,600.64","32,048.00","22,531.00",25411,"675,948,843.35",8952
05-Jan-2022,EQ,"26,902.00","27,300.00","26,850.20","26,954.10","27,154.50","27,214.65","27,150.48","32,048.00","22,531.00",17262,"468,671,610.55",6519
04-Jan-2022,EQ,"27,247.40","27,335.55","26,658.50","27,247.40","26,950.00","26,954.10","26,920.63","32,048.00","22,531.00",26215,"705,724,438.80",11005
03-Jan-2022,EQ,"27,000.00","27,349.85","26,890.00","26,987.45","27,265.00","27,247.40","27,123.12","32,048.00","22,531.00",19537,"529,904,463.50",6494
31-Dec-2021,EQ,"26,450.40","27,323.85","26,450.40","26,413.50","26,980.00","26,987.45","27,000.31","32,048.00","22,531.00",28883,"779,849,991.85",8554
30-Dec-2021,EQ,"26,600.00","26,844.95","26,100.00","26,615.35","26,449.00","26,413.50","26,572.78","32,048.00","22,531.00",26096,"693,443,355.65",7875
29-Dec-2021,EQ,"26,624.00","26,745.15","26,460.10","26,716.80","26,550.00","26,615.35","26,634.47","32,048.00","22,531.00",25992,"692,283,160.90",6915
28-Dec-2021,EQ,"26,382.00","26,750.30","26,328.45","26,295.20","26,701.00","26,716.80","26,606.37","32,048.00","22,531.00",18855,"501,663,134.25",5340
27-Dec-2021,EQ,"26,160.20","26,450.00","25,910.25","26,310.95","26,379.95","26,295.20","26,260.45","32,048.00","22,531.00",7736,"203,150,857.05",3390
24-Dec-2021,EQ,"26,450.00","26,510.00","25,929.85","26,332.75","26,267.00","26,310.95","26,243.48","32,048.00","22,531.00",16055,"421,339,094.30",5186
23-Dec-2021,EQ,"26,250.20","26,390.00","25,912.10","26,197.25","26,350.05","26,332.75","26,196.58","32,048.00","22,531.00",29456,"771,646,392.65",8518
22-Dec-2021,EQ,"25,842.60","26,268.60","25,677.05","25,837.45","26,208.00","26,197.25","26,125.42","32,048.00","22,531.00",16341,"426,915,457.90",7643
21-Dec-2021,EQ,"25,600.00","26,280.00","25,371.00","25,470.35","25,893.65","25,837.45","25,950.31","32,048.00","22,531.00",32966,"855,477,901.35",12511
20-Dec-2021,EQ,"26,140.00","26,140.00","25,000.05","26,224.85","25,341.65","25,470.35","25,380.61","32,048.00","22,531.00",38865,"986,417,445.45",13374
17-Dec-2021,EQ,"26,175.00","26,332.25","25,857.05","26,366.05","26,155.50","26,224.85","26,149.07","32,048.00","22,531.00",27863,"728,591,636.55",9207
16-Dec-2021,EQ,"26,400.00","26,500.00","25,936.40","26,251.30","26,281.65","26,366.05","26,290.25","32,048.00","22,531.00",24978,"656,677,884.65",6995
15-Dec-2021,EQ,"26,415.00","26,415.05","26,102.00","26,461.40","26,300.00","26,251.30","26,246.32","32,048.00","22,531.00",26704,"700,881,785.15",8372
14-Dec-2021,EQ,"26,349.65","26,500.00","25,968.90","26,433.65","26,499.95","26,461.40","26,311.19","32,048.00","22,531.00",24245,"637,914,802.45",8521
13-Dec-2021,EQ,"26,500.00","26,636.10","26,176.20","26,406.45","26,424.95","26,433.65","26,407.25","32,048.00","22,531.00",25375,"670,083,897.60",7695
10-Dec-2021,EQ,"26,305.00","26,527.60","26,182.70","26,416.50","26,400.00","26,406.45","26,352.20","32,048.00","22,531.00",20165,"531,392,093.30",5470
09-Dec-2021,EQ,"26,250.00","26,465.00","25,859.15","26,152.85","26,330.00","26,416.50","26,237.82","32,048.00","22,531.00",23747,"623,069,404.55",8066
08-Dec-2021,EQ,"25,939.85","26,279.55","25,850.00","25,746.55","26,106.90","26,152.85","26,140.47","32,048.00","22,531.00",15145,"395,897,427.25",5350
07-Dec-2021,EQ,"25,650.50","26,089.85","25,613.10","25,612.35","25,800.00","25,746.55","25,857.77","32,048.00","22,531.00",22609,"584,618,277.25",8122
06-Dec-2021,EQ,"25,933.50","26,149.45","25,529.95","25,914.05","25,590.00","25,612.35","25,851.32","32,048.00","22,531.00",22538,"582,637,151.45",10407
03-Dec-2021,EQ,"26,280.55","26,419.90","25,563.65","26,289.80","25,860.05","25,914.05","25,933.53","32,048.00","22,531.00",62632,"1,624,268,763.10",15742
02-Dec-2021,EQ,"26,092.00","26,749.00","26,020.15","26,092.00","26,280.55","26,289.80","26,304.44","32,048.00","22,531.00",40560,"1,066,908,178.20",16649
01-Dec-2021,EQ,"26,350.00","26,426.35","25,850.00","26,102.25","26,101.00","26,092.00","26,056.63","32,048.00","22,531.00",30525,"795,378,618.80",12557
30-Nov-2021,EQ,"25,480.00","26,350.00","25,330.95","25,566.10","26,349.95","26,102.25","26,062.94","32,048.00","22,531.00",97672,"2,545,619,524.60",27763
29-Nov-2021,EQ,"25,900.00","25,925.00","25,198.25","25,945.80","25,540.05","25,566.10","25,561.60","32,048.00","22,531.00",27395,"700,259,985.40",13154
26-Nov-2021,EQ,"26,450.00","26,539.90","25,812.00","26,670.50","25,900.00","25,945.80","26,044.97","32,048.00","22,531.00",29540,"769,368,366.30",12010
25-Nov-2021,EQ,"26,700.00","26,823.20","26,302.10","26,883.75","26,638.00","26,670.50","26,587.12","32,048.00","22,531.00",31286,"831,804,658.80",12603
24-Nov-2021,EQ,"26,895.00","27,000.00","26,665.00","26,740.50","26,665.00","26,883.75","26,876.07","32,048.00","22,531.00",29212,"785,103,817.25",8380
23-Nov-2021,EQ,"26,520.00","26,926.55","26,205.50","26,603.05","26,650.00","26,740.50","26,560.53","32,048.00","22,531.00",32528,"863,960,981.10",11662
22-Nov-2021,EQ,"27,290.00","27,290.00","26,327.60","27,167.30","26,700.00","26,603.05","26,721.71","32,048.00","22,531.00",23769,"635,148,241.55",9793
18-Nov-2021,EQ,"27,692.00","28,024.75","26,935.05","27,691.05","27,100.00","27,167.30","27,284.63","32,048.00","22,531.00",40803,"1,113,294,853.75",16294
17-Nov-2021,EQ,"28,148.00","28,294.45","27,618.75","28,138.95","27,700.00","27,691.05","27,847.71","32,048.00","22,531.00",29245,"814,406,154.05",9472
16-Nov-2021,EQ,"29,239.85","29,275.45","28,002.25","29,077.20","28,150.00","28,138.95","28,405.65","32,048.00","22,531.00",46214,"1,312,738,731.00",17689
15-Nov-2021,EQ,"29,450.00","29,748.00","29,031.25","29,388.90","29,031.25","29,077.20","29,250.03","32,048.00","22,531.00",12910,"377,617,927.00",5555
12-Nov-2021,EQ,"29,228.45","29,539.90","28,869.60","29,010.55","29,400.00","29,388.90","29,165.98","32,048.00","22,059.80",23683,"690,737,919.40",8184
11-Nov-2021,EQ,"29,198.50","29,298.40","28,850.00","29,355.80","29,066.95","29,010.55","29,016.28","32,048.00","22,059.80",18576,"539,006,367.55",8695
10-Nov-2021,EQ,"29,099.00","29,428.90","28,965.00","29,229.65","29,225.00","29,355.80","29,159.80","32,048.00","22,059.80",23034,"671,666,891.05",8359
09-Nov-2021,EQ,"29,700.00","29,760.00","29,151.50","29,526.55","29,200.00","29,229.65","29,474.78","32,048.00","22,059.80",18387,"541,952,839.40",7219
08-Nov-2021,EQ,"29,050.00","29,818.90","28,978.45","29,047.20","29,505.75","29,526.55","29,533.82","32,048.00","22,059.80",38204,"1,128,310,214.35",13807
04-Nov-2021,EQ,"29,000.00","29,219.70","28,980.55","28,980.55","29,050.00","29,047.20","29,090.55","32,048.00","21,512.10",2078,"60,450,155.65",1059
03-Nov-2021,EQ,"28,922.00","29,131.00","28,700.00","28,868.15","28,900.00","28,980.55","28,917.77","32,048.00","21,512.10",33175,"959,347,172.55",10095
02-Nov-2021,EQ,"29,299.10","29,424.95","28,705.25","29,145.75","28,921.00","28,868.15","29,099.08","32,048.00","21,512.10",21184,"616,434,811.10",9067
01-Nov-2021,EQ,"28,800.00","29,600.00","28,600.00","28,635.25","29,175.00","29,145.75","29,137.93","32,048.00","21,512.10",55692,"1,622,749,471.55",21156
29-Oct-2021,EQ,"28,395.70","29,000.00","27,705.00","28,193.05","28,600.00","28,635.25","28,610.88","32,048.00","20,113.10",35291,"1,009,706,580.20",14712
28-Oct-2021,EQ,"28,244.00","28,437.30","27,861.25","28,107.75","28,250.00","28,193.05","28,215.14","32,048.00","20,113.10",39917,"1,126,263,732.45",14268
27-Oct-2021,EQ,"27,780.00","28,480.10","27,654.90","27,777.90","27,995.00","28,107.75","28,178.76","32,048.00","20,113.10",50424,"1,420,885,716.55",14810
26-Oct-2021,EQ,"27,320.00","27,995.00","27,319.00","27,275.00","27,848.00","27,777.90","27,723.29","32,048.00","20,113.10",28367,"786,426,676.40",9027
25-Oct-2021,EQ,"27,625.00","27,738.15","26,811.20","27,738.20","27,250.00","27,275.00","27,265.49","32,048.00","20,113.10",20656,"563,195,880.25",7814
22-Oct-2021,EQ,"27,847.30","28,014.25","27,226.00","27,618.70","27,699.90","27,738.20","27,608.49","32,048.00","20,113.10",27130,"749,018,323.90",8915
21-Oct-2021,EQ,"27,722.00","27,786.75","27,199.65","27,457.40","27,696.20","27,618.70","27,459.55","32,048.00","20,113.10",26460,"726,579,775.30",9209
20-Oct-2021,EQ,"27,699.00","28,027.25","27,296.35","27,696.80","27,595.15","27,457.40","27,655.66","32,048.00","20,113.10",36072,"997,595,120.35",12646
19-Oct-2021,EQ,"28,200.05","28,393.35","27,556.20","28,191.30","27,647.95","27,696.80","27,905.59","32,048.00","20,113.10",20380,"568,715,997.50",8764
18-Oct-2021,EQ,"28,177.70","28,300.00","27,950.00","27,956.45","28,182.00","28,191.30","28,118.19","32,048.00","20,113.10",35497,"998,111,228.10",10452
14-Oct-2021,EQ,"27,997.80","28,300.00","27,911.15","27,815.70","28,005.00","27,956.45","28,065.71","32,048.00","20,113.10",46335,"1,300,424,469.35",17383
13-Oct-2021,EQ,"27,880.50","28,240.00","27,684.40","27,705.80","27,900.50","27,815.70","27,883.64","32,048.00","20,113.10",53052,"1,479,282,975.00",16286
12-Oct-2021,EQ,"28,020.00","28,089.60","27,661.00","28,022.45","27,775.00","27,705.80","27,797.89","32,048.00","20,113.10",30650,"852,005,445.50",9998
11-Oct-2021,EQ,"27,755.00","28,096.25","27,627.00","27,757.15","28,029.90","28,022.45","27,932.07","32,048.00","20,113.10",25350,"708,078,031.00",10660
08-Oct-2021,EQ,"28,219.20","28,219.20","27,721.95","28,059.35","27,755.00","27,757.15","27,884.80","32,048.00","20,000.00",29947,"835,066,117.75",10363
07-Oct-2021,EQ,"28,205.00","28,344.80","27,869.40","28,109.75","28,009.10","28,059.35","28,127.18","32,048.00","20,000.00",43358,"1,219,538,181.45",11503
06-Oct-2021,EQ,"28,819.00","28,931.25","28,006.20","28,766.45","28,090.00","28,109.75","28,448.54","32,048.00","20,000.00",35139,"999,653,193.20",13440
05-Oct-2021,EQ,"29,289.30","29,425.25","28,701.00","29,289.30","28,750.00","28,766.45","28,909.61","32,048.00","20,000.00",42151,"1,218,569,123.30",15687
04-Oct-2021,EQ,"29,219.55","29,340.00","29,040.50","29,099.55","29,288.50","29,289.30","29,216.41","32,048.00","20,000.00",22608,"660,524,532.05",8358
01-Oct-2021,EQ,"28,800.30","29,198.00","28,581.85","28,901.55","29,002.00","29,099.55","28,904.18","32,048.00","19,080.00",33997,"982,655,461.55",14320
30-Sep-2021,EQ,"29,382.40","29,399.95","28,750.00","29,382.40","28,752.00","28,901.55","28,985.73","32,048.00","19,080.00",29347,"850,644,082.95",11748
29-Sep-2021,EQ,"29,220.00","29,525.10","29,168.00","29,242.95","29,310.00","29,382.40","29,358.05","32,048.00","19,080.00",20612,"605,128,089.60",7692
28-Sep-2021,EQ,"29,499.00","29,800.00","29,090.60","29,476.00","29,190.00","29,242.95","29,387.06","32,048.00","19,080.00",31253,"918,433,648.35",10046
27-Sep-2021,EQ,"29,632.15","29,820.00","29,288.35","29,411.80","29,449.95","29,476.00","29,502.69","32,048.00","19,080.00",28033,"827,048,975.10",11014
24-Sep-2021,EQ,"29,999.00","30,036.35","29,120.05","29,919.25","29,330.00","29,411.80","29,469.39","32,048.00","18,183.55",45317,"1,335,464,316.60",17660
23-Sep-2021,EQ,"29,851.20","30,090.50","29,554.65","29,792.50","29,900.00","29,919.25","29,787.62","32,048.00","18,183.55",35742,"1,064,669,254.85",12594
22-Sep-2021,EQ,"30,100.00","30,247.30","29,575.05","30,059.90","29,848.00","29,792.50","29,848.60","32,048.00","18,183.55",44040,"1,314,532,153.85",15569
21-Sep-2021,EQ,"30,250.00","30,354.65","29,486.25","30,101.90","30,055.00","30,059.90","29,885.09","32,048.00","18,183.55",66855,"1,997,967,841.45",20699
20-Sep-2021,EQ,"30,450.00","30,700.00","29,838.25","30,559.45","29,898.00","30,101.90","30,276.08","32,048.00","18,183.55",52781,"1,598,001,755.70",16546
17-Sep-2021,EQ,"30,860.00","31,039.40","30,128.00","30,660.65","30,533.75","30,559.45","30,531.85","32,048.00","18,183.55",78489,"2,396,414,572.75",28346
16-Sep-2021,EQ,"31,043.50","31,246.25","30,305.35","31,040.45","30,650.15","30,660.65","30,693.44","32,048.00","18,183.55",92615,"2,842,673,068.50",39035
15-Sep-2021,EQ,"30,770.00","31,469.95","30,650.00","30,658.50","31,003.15","31,040.45","30,951.37","32,048.00","18,183.55",83901,"2,596,850,814.80",28152
14-Sep-2021,EQ,"30,665.10","30,785.00","30,403.00","30,663.35","30,607.10","30,658.50","30,574.58","32,048.00","18,183.55",33014,"1,009,389,166.65",13079
13-Sep-2021,EQ,"30,672.00","30,832.65","30,327.45","30,671.35","30,580.20","30,663.35","30,554.42","32,048.00","18,183.55",28668,"875,934,108.10",12015
09-Sep-2021,EQ,"30,790.00","30,830.00","30,401.00","30,794.80","30,635.00","30,671.35","30,620.86","32,048.00","18,183.55",38503,"1,178,995,121.55",19250
08-Sep-2021,EQ,"30,734.50","30,930.30","30,300.00","30,653.60","30,800.00","30,794.80","30,641.35","32,048.00","18,183.55",45814,"1,403,802,977.90",17031
07-Sep-2021,EQ,"30,501.00","30,872.95","30,260.15","30,535.55","30,700.00","30,653.60","30,515.37","32,048.00","18,183.55",59828,"1,825,673,327.70",22544
06-Sep-2021,EQ,"30,499.00","31,256.95","30,400.05","30,440.80","30,423.00","30,535.55","30,751.99","32,048.00","18,183.55",96454,"2,966,151,974.60",37032
03-Sep-2021,EQ,"30,290.10","30,590.80","29,962.10","30,323.25","30,400.00","30,440.80","30,275.16","32,048.00","18,183.55",81600,"2,470,452,947.25",29680
02-Sep-2021,EQ,"28,550.00","30,514.85","28,480.00","28,478.25","30,180.00","30,323.25","29,837.75","32,048.00","18,183.55",157100,"4,687,510,666.80",51212
01-Sep-2021,EQ,"28,296.00","28,600.00","27,948.10","28,287.90","28,550.00","28,478.25","28,356.80","32,048.00","18,183.55",75809,"2,149,700,450.35",26416
31-Aug-2021,EQ,"27,150.00","28,469.00","27,048.75","27,157.85","28,250.00","28,287.90","27,945.25","32,048.00","18,183.55",102061,"2,852,119,991.10",25295
30-Aug-2021,EQ,"26,900.10","27,420.00","26,830.80","26,897.75","27,138.00","27,157.85","27,205.94","32,048.00","18,183.55",41390,"1,126,053,894.65",11157
27-Aug-2021,EQ,"26,605.00","27,031.60","26,450.75","26,556.05","26,870.15","26,897.75","26,813.75","32,048.00","18,183.55",43602,"1,169,133,087.05",13720
26-Aug-2021,EQ,"26,251.00","26,630.00","26,116.00","26,288.25","26,526.00","26,556.05","26,383.83","32,048.00","18,183.55",49409,"1,303,598,845.40",14363
25-Aug-2021,EQ,"26,232.95","26,459.75","26,192.00","26,232.95","26,248.00","26,288.25","26,305.04","32,048.00","18,183.55",23925,"629,348,089.85",6737
24-Aug-2021,EQ,"25,986.00","26,359.85","25,749.65","25,985.95","26,220.00","26,232.95","26,128.30","32,048.00","18,183.55",31064,"811,649,360.30",11782
23-Aug-2021,EQ,"26,400.00","26,450.00","25,805.25","26,291.15","25,854.40","25,985.95","26,031.32","32,048.00","18,183.55",58352,"1,518,979,440.90",17349
20-Aug-2021,EQ,"26,200.00","26,365.00","25,865.65","26,327.30","26,240.00","26,291.15","26,140.90","32,048.00","18,183.55",35529,"928,759,887.10",12322
18-Aug-2021,EQ,"26,239.00","26,560.00","26,115.00","26,200.25","26,323.60","26,327.30","26,342.04","32,048.00","18,183.55",52442,"1,381,429,175.80",15072
17-Aug-2021,EQ,"26,000.00","26,250.00","25,725.05","25,978.55","26,199.95","26,200.25","25,989.87","32,048.00","18,183.55",37050,"962,924,638.50",13867
16-Aug-2021,EQ,"26,735.00","26,735.00","25,940.20","26,600.40","26,000.00","25,978.55","26,131.50","32,048.00","18,183.55",74959,"1,958,791,448.75",20743
13-Aug-2021,EQ,"26,819.00","27,050.00","26,525.65","26,593.00","26,600.00","26,600.40","26,784.36","32,048.00","18,183.55",49672,"1,330,432,571.15",18735
12-Aug-2021,EQ,"26,700.00","27,062.15","26,500.05","26,547.50","26,625.00","26,593.00","26,772.27","32,048.00","18,183.55",75502,"2,021,359,805.40",23562
11-Aug-2021,EQ,"27,215.00","27,418.00","26,385.05","27,117.65","26,550.00","26,547.50","26,601.36","32,048.00","18,183.55",91088,"2,423,064,628.80",27676
10-Aug-2021,EQ,"28,195.00","28,195.00","27,003.35","28,272.95","27,129.00","27,117.65","27,298.67","32,048.00","18,183.55",123170,"3,362,377,733.60",41106
09-Aug-2021,EQ,"28,599.00","28,999.00","28,052.35","28,386.60","28,250.00","28,272.95","28,455.31","32,048.00","18,183.55",30592,"870,504,791.55",10964
06-Aug-2021,EQ,"29,095.00","29,095.00","28,332.00","28,966.65","28,420.00","28,386.60","28,549.41","32,048.00","18,183.55",30787,"878,950,619.55",11109
05-Aug-2021,EQ,"29,280.00","29,429.80","28,869.95","29,133.15","28,882.00","28,966.65","29,142.40","32,048.00","18,183.55",28919,"842,768,983.05",11849
04-Aug-2021,EQ,"29,252.10","30,100.00","29,017.05","29,203.50","29,085.00","29,133.15","29,565.33","32,048.00","18,183.55",80489,"2,379,684,163.15",27243
03-Aug-2021,EQ,"29,301.00","29,410.00","28,909.10","29,294.25","29,198.00","29,203.50","29,116.49","32,048.00","18,183.55",46640,"1,357,993,107.55",17851
02-Aug-2021,EQ,"28,280.20","29,375.00","28,280.20","28,265.75","29,260.10","29,294.25","29,043.40","32,048.00","18,183.55",86807,"2,521,170,024.20",24272
30-Jul-2021,EQ,"27,661.00","28,333.75","27,583.15","27,638.95","28,250.00","28,265.75","28,122.05","32,048.00","18,183.55",45521,"1,280,144,024.35",16171
29-Jul-2021,EQ,"27,680.00","27,877.45","27,500.00","27,491.45","27,672.35","27,638.95","27,629.72","32,048.00","18,183.55",26531,"733,044,199.50",10763
28-Jul-2021,EQ,"27,990.00","27,996.90","27,162.80","27,865.15","27,499.00","27,491.45","27,507.38","32,048.00","18,183.55",23638,"650,219,520.80",10092
27-Jul-2021,EQ,"28,000.00","28,473.00","27,751.30","27,968.30","27,824.00","27,865.15","28,177.57","32,048.00","18,183.55",46133,"1,299,915,881.95",12902
26-Jul-2021,EQ,"27,900.00","28,228.35","27,812.05","27,986.40","27,912.00","27,968.30","28,032.89","32,048.00","18,183.55",37460,"1,050,111,940.20",9860
23-Jul-2021,EQ,"28,085.10","28,227.65","27,855.20","28,080.00","27,913.00","27,986.40","28,039.58","32,048.00","18,183.55",28958,"811,970,199.95",9504
22-Jul-2021,EQ,"28,150.00","28,226.25","27,915.00","28,082.90","28,066.00","28,080.00","28,091.87","32,048.00","18,183.55",22745,"638,949,527.75",9644
20-Jul-2021,EQ,"28,099.90","28,555.00","28,000.00","27,996.85","28,025.00","28,082.90","28,228.15","32,048.00","18,183.55",71764,"2,025,764,705.45",22382
19-Jul-2021,EQ,"28,050.00","28,108.10","27,817.10","28,096.15","28,099.95","27,996.85","27,969.05","32,048.00","18,183.55",24450,"683,843,300.80",8876
16-Jul-2021,EQ,"28,427.45","28,500.00","28,000.00","28,427.45","28,070.00","28,096.15","28,154.62","32,048.00","18,183.55",37668,"1,060,528,132.40",12890
15-Jul-2021,EQ,"28,414.70","28,580.00","28,251.30","28,414.70","28,435.00","28,427.45","28,445.09","32,048.00","18,183.55",25188,"716,475,020.40",10014
14-Jul-2021,EQ,"28,000.00","28,490.00","27,860.25","28,070.40","28,370.00","28,414.70","28,266.40","32,048.00","18,183.55",38221,"1,080,370,037.20",12767
13-Jul-2021,EQ,"28,150.00","28,413.30","27,800.00","28,034.95","28,050.00","28,070.40","28,067.44","32,048.00","18,183.55",32129,"901,778,651.75",10440
12-Jul-2021,EQ,"27,698.50","28,419.00","27,584.05","27,502.75","28,022.05","28,034.95","28,156.62","32,048.00","18,183.55",66083,"1,860,673,633.95",19842
09-Jul-2021,EQ,"27,511.05","27,632.75","27,230.00","27,581.80","27,523.00","27,502.75","27,416.28","32,048.00","18,183.55",45571,"1,249,387,153.55",13341
08-Jul-2021,EQ,"27,690.00","28,090.00","27,441.70","27,547.00","27,500.00","27,581.80","27,805.17","32,048.00","18,183.55",54037,"1,502,507,871.45",16615
07-Jul-2021,EQ,"27,705.00","28,114.10","27,169.45","27,769.10","27,610.00","27,547.00","27,697.70","32,048.00","18,183.55",78838,"2,183,631,501.75",20800
06-Jul-2021,EQ,"27,179.20","27,925.00","27,000.00","26,987.60","27,800.00","27,769.10","27,668.47","32,048.00","18,183.55",93088,"2,575,602,136.45",23783
05-Jul-2021,EQ,"27,190.00","27,250.00","26,950.00","27,014.90","27,000.00","26,987.60","27,083.69","32,048.00","18,183.55",25475,"689,957,044.65",9192
02-Jul-2021,EQ,"27,280.00","27,280.00","26,840.05","27,059.95","27,050.00","27,014.90","26,980.32","32,048.00","18,183.55",49970,"1,348,206,582.20",13363
01-Jul-2021,EQ,"27,600.00","27,600.20","26,946.00","27,504.60","27,207.00","27,059.95","27,094.08","32,048.00","18,183.55",67327,"1,824,162,888.00",18655
30-Jun-2021,EQ,"27,830.00","28,450.00","27,451.00","28,134.45","27,600.00","27,504.60","27,735.31","32,048.00","18,183.55",55961,"1,552,095,494.10",16577
29-Jun-2021,EQ,"28,399.95","28,467.70","28,100.30","28,390.20","28,218.00","28,134.45","28,198.28","32,048.00","18,183.55",25900,"730,335,523.50",8957
28-Jun-2021,EQ,"28,740.00","28,943.35","28,350.15","28,729.10","28,399.95","28,390.20","28,568.90","32,048.00","18,183.55",21571,"616,259,752.95",7431
25-Jun-2021,EQ,"28,700.00","28,899.70","28,605.00","28,672.30","28,660.30","28,729.10","28,761.26","32,048.00","18,183.55",19694,"566,424,223.90",6287
24-Jun-2021,EQ,"28,870.00","29,094.95","28,600.00","28,867.20","28,603.00","28,672.30","28,774.86","32,048.00","18,183.55",23493,"676,007,795.05",7740
23-Jun-2021,EQ,"29,256.00","29,315.40","28,749.80","29,239.05","28,825.15","28,867.20","28,944.08","32,048.00","18,183.55",24623,"712,690,167.60",9620
22-Jun-2021,EQ,"28,251.00","29,506.85","28,251.00","28,225.35","29,161.15","29,239.05","29,001.50","32,048.00","18,183.55",73694,"2,137,236,723.55",20004
21-Jun-2021,EQ,"27,878.05","28,500.00","27,718.20","28,045.80","28,110.10","28,225.35","28,089.15","32,048.00","18,183.55",18926,"531,615,265.65",6209
18-Jun-2021,EQ,"28,368.10","28,570.00","27,878.80","28,368.10","28,020.00","28,045.80","28,158.33","32,048.00","18,183.55",51080,"1,438,327,451.05",15214
17-Jun-2021,EQ,"28,015.05","28,800.00","28,015.05","28,224.75","28,205.00","28,368.10","28,509.78","32,048.00","18,183.55",39467,"1,125,195,553.15",14708
16-Jun-2021,EQ,"28,323.00","28,590.00","28,132.50","28,485.90","28,165.90","28,224.75","28,349.00","32,048.00","18,183.55",15215,"431,330,093.80",5735
15-Jun-2021,EQ,"28,300.00","28,650.00","28,214.30","28,334.05","28,465.00","28,485.90","28,494.89","32,048.00","18,183.55",25267,"719,980,282.70",9266
14-Jun-2021,EQ,"28,000.00","28,385.00","27,752.20","28,056.00","28,362.35","28,334.05","28,143.66","32,048.00","18,183.55",43225,"1,216,509,765.65",16033
11-Jun-2021,EQ,"28,475.80","28,564.55","27,980.00","28,225.80","28,065.00","28,056.00","28,242.79","32,048.00","18,183.55",38680,"1,092,431,308.65",12563
10-Jun-2021,EQ,"28,562.00","29,124.00","28,120.40","28,407.35","28,287.95","28,225.80","28,640.33","32,048.00","18,183.55",54902,"1,572,411,573.95",17508
09-Jun-2021,EQ,"28,820.00","28,889.05","28,300.20","28,955.35","28,370.90","28,407.35","28,552.30","32,048.00","18,183.55",46246,"1,320,429,710.85",15228
08-Jun-2021,EQ,"29,025.00","29,199.00","28,647.00","29,155.80","28,847.00","28,955.35","28,924.26","32,048.00","18,183.55",49167,"1,422,119,075.70",16978
07-Jun-2021,EQ,"28,209.95","29,344.85","28,209.95","28,153.65","28,851.15","29,155.80","28,982.38","32,048.00","18,183.55",89841,"2,603,805,591.60",29042
04-Jun-2021,EQ,"28,300.10","28,428.75","28,090.00","28,348.15","28,100.00","28,153.65","28,224.64","32,048.00","18,183.55",26867,"758,311,295.40",8936
03-Jun-2021,EQ,"27,975.00","28,400.00","27,932.30","27,893.90","28,300.10","28,348.15","28,167.04","32,048.00","18,183.55",46984,"1,323,400,090.20",17482
02-Jun-2021,EQ,"27,595.55","28,008.00","27,553.30","27,623.15","27,870.00","27,893.90","27,863.93","32,048.00","18,183.55",38943,"1,085,105,161.15",14610
01-Jun-2021,EQ,"27,700.00","28,085.70","27,414.90","27,578.00","27,586.05","27,623.15","27,745.61","32,048.00","18,183.55",41313,"1,146,254,453.45",15936
31-May-2021,EQ,"27,920.00","28,515.00","27,250.00","27,655.10","27,651.00","27,578.00","27,865.43","32,048.00","18,183.55",134138,"3,737,812,534.30",44706
28-May-2021,EQ,"28,109.00","28,240.00","27,540.60","28,066.05","27,599.00","27,655.10","27,901.78","32,048.00","18,183.55",50372,"1,405,468,371.65",14152
27-May-2021,EQ,"27,180.00","28,240.00","26,920.10","27,077.40","28,100.00","28,066.05","27,755.68","32,048.00","18,183.55",93214,"2,587,217,518.65",23612
26-May-2021,EQ,"27,100.00","27,199.00","26,863.55","27,041.45","27,060.00","27,077.40","27,030.10","32,048.00","18,183.55",34953,"944,783,005.55",11413
25-May-2021,EQ,"26,999.00","27,334.80","26,900.00","26,909.35","26,955.55","27,041.45","27,035.57","32,048.00","18,183.55",51650,"1,396,386,948.30",16313
24-May-2021,EQ,"27,611.00","27,611.00","26,751.00","27,622.65","26,930.00","26,909.35","26,974.43","32,048.00","18,183.55",104757,"2,825,760,817.85",32749
21-May-2021,EQ,"27,884.10","27,975.00","27,538.45","27,510.35","27,615.00","27,622.65","27,809.22","32,048.00","18,000.00",48242,"1,341,572,376.50",14600
20-May-2021,EQ,"27,700.00","27,800.00","27,370.05","27,532.70","27,569.95","27,510.35","27,571.84","32,048.00","18,000.00",33408,"921,120,112.80",10546
19-May-2021,EQ,"27,321.10","28,244.45","27,321.10","27,474.70","27,550.00","27,532.70","27,843.43","32,048.00","18,000.00",61909,"1,723,759,037.35",19652
18-May-2021,EQ,"27,500.00","27,675.00","27,250.00","27,328.25","27,510.55","27,474.70","27,478.44","32,048.00","18,000.00",51998,"1,428,823,735.40",13640
17-May-2021,EQ,"26,749.00","27,399.95","26,600.45","26,713.60","27,250.00","27,328.25","27,143.58","32,048.00","18,000.00",37999,"1,031,428,745.40",12871
14-May-2021,EQ,"26,915.00","27,007.75","26,510.00","26,833.25","26,659.15","26,713.60","26,737.35","32,048.00","18,000.00",37370,"999,174,739.85",13432
12-May-2021,EQ,"27,415.25","27,450.00","26,752.00","27,513.10","26,868.05","26,833.25","26,946.06","32,048.00","18,000.00",59338,"1,598,925,292.60",20387
11-May-2021,EQ,"27,200.00","27,580.80","26,744.20","27,309.95","27,496.55","27,513.10","27,352.52","32,048.00","18,000.00",60904,"1,665,877,919.20",17621
10-May-2021,EQ,"27,979.00","28,035.15","27,238.40","27,840.00","27,309.95","27,309.95","27,442.47","32,048.00","18,000.00",49736,"1,364,878,444.30",16690
07-May-2021,EQ,"27,847.00","27,948.25","27,700.00","27,736.20","27,790.00","27,840.00","27,828.31","32,048.00","18,000.00",21548,"599,644,459.35",8324
06-May-2021,EQ,"27,845.00","27,946.25","27,500.00","27,844.20","27,771.60","27,736.20","27,673.73","32,048.00","18,000.00",33337,"922,559,287.20",13123
05-May-2021,EQ,"27,850.00","28,044.40","27,713.30","27,753.30","27,874.50","27,844.20","27,901.15","32,048.00","18,000.00",24250,"676,602,892.45",8648
04-May-2021,EQ,"28,111.35","28,111.50","27,531.00","27,989.85","27,800.00","27,753.30","27,806.05","32,048.00","18,000.00",41857,"1,163,877,684.60",16398
03-May-2021,EQ,"27,500.00","28,080.55","27,327.60","27,910.50","27,904.25","27,989.85","27,792.81","32,048.00","18,000.00",38741,"1,076,721,314.15",12109
30-Apr-2021,EQ,"28,340.00","28,432.35","27,808.15","28,444.35","27,900.00","27,910.50","28,113.30","32,048.00","18,000.00",32147,"903,758,386.00",12546
29-Apr-2021,EQ,"28,701.05","29,050.00","28,249.40","28,687.55","28,495.00","28,444.35","28,594.99","32,048.00","18,000.00",47589,"1,360,806,898.05",15880
28-Apr-2021,EQ,"28,180.00","28,781.00","28,105.10","28,098.55","28,600.00","28,687.55","28,506.59","32,048.00","18,000.00",33961,"968,112,464.60",11208
27-Apr-2021,EQ,"28,185.70","28,325.00","27,965.00","28,062.60","28,063.20","28,098.55","28,087.65","32,048.00","18,000.00",31369,"881,081,464.80",9763
26-Apr-2021,EQ,"28,249.00","28,444.15","27,951.05","28,106.30","28,050.00","28,062.60","28,138.76","32,048.00","18,000.00",40346,"1,135,286,257.40",15326
23-Apr-2021,EQ,"28,499.00","28,673.35","27,926.00","28,521.95","28,080.00","28,106.30","28,143.96","32,048.00","18,000.00",70968,"1,997,320,451.80",24267
22-Apr-2021,EQ,"29,200.00","29,200.00","28,083.35","29,320.70","28,509.15","28,521.95","28,407.89","32,048.00","18,000.00",83043,"2,359,076,487.00",25809
20-Apr-2021,EQ,"30,420.00","30,655.80","29,051.00","30,057.75","29,230.00","29,320.70","29,554.29","32,048.00","18,000.00",72618,"2,146,173,243.10",22592
19-Apr-2021,EQ,"30,001.05","30,490.30","29,557.30","30,821.10","30,022.95","30,057.75","29,956.49","32,048.00","18,000.00",52945,"1,586,046,295.95",18095
16-Apr-2021,EQ,"30,440.00","30,988.80","30,056.15","30,305.40","30,612.20","30,821.10","30,658.26","32,048.00","16,222.30",58345,"1,788,756,463.30",19632
15-Apr-2021,EQ,"30,599.00","30,896.05","29,514.00","30,356.05","30,400.00","30,305.40","30,067.57","32,048.00","16,222.30",72414,"2,177,313,062.85",24202
13-Apr-2021,EQ,"30,200.00","30,699.90","30,110.00","29,881.05","30,420.95","30,356.05","30,382.43","32,048.00","16,222.30",91665,"2,785,005,211.65",29098
12-Apr-2021,EQ,"31,200.00","31,497.40","29,757.85","31,748.75","30,198.60","29,881.05","30,337.24","32,048.00","16,222.30",114698,"3,479,620,443.10",33755
09-Apr-2021,EQ,"31,682.40","31,990.00","31,120.00","31,582.65","31,601.45","31,748.75","31,573.09","32,048.00","15,882.15",146698,"4,631,708,558.65",27457
08-Apr-2021,EQ,"30,260.00","32,048.00","30,260.00","30,230.65","31,680.00","31,582.65","31,379.69","32,048.00","15,882.15",148094,"4,647,143,146.70",43801
07-Apr-2021,EQ,"30,140.00","30,580.70","29,953.00","30,114.10","30,251.40","30,230.65","30,274.36","30,628.40","15,882.15",40554,"1,227,746,197.50",16266
06-Apr-2021,EQ,"30,375.00","30,500.00","30,010.35","30,358.25","30,150.00","30,114.10","30,242.64","30,628.40","15,882.15",52886,"1,599,412,353.85",19536
05-Apr-2021,EQ,"29,900.00","30,628.40","29,650.00","29,951.95","30,375.00","30,358.25","30,193.46","30,628.40","15,882.15",124392,"3,755,825,310.30",30244
01-Apr-2021,EQ,"29,570.00","30,279.50","29,445.40","29,465.40","29,850.00","29,951.95","29,867.12","30,279.50","15,410.00",52771,"1,576,117,902.15",15708
31-Mar-2021,EQ,"29,094.45","29,660.00","28,756.00","29,094.45","29,410.00","29,465.40","29,402.63","29,660.00","15,410.00",82764,"2,433,478,909.35",23094
30-Mar-2021,EQ,"28,500.00","29,500.00","28,301.80","28,116.20","29,500.00","29,094.45","29,081.01","29,500.00","15,410.00",94570,"2,750,191,106.45",31530
26-Mar-2021,EQ,"27,810.70","28,319.95","27,673.05","27,580.35","28,150.00","28,116.20","28,100.69","29,090.00","15,410.00",74139,"2,083,356,954.40",19435
25-Mar-2021,EQ,"27,900.00","28,139.95","27,264.95","27,803.30","27,570.00","27,580.35","27,648.95","29,090.00","15,410.00",64357,"1,779,403,394.40",23213
24-Mar-2021,EQ,"28,172.00","28,390.65","27,719.90","28,312.20","27,840.00","27,803.30","27,979.25","29,090.00","15,410.00",63069,"1,764,623,287.10",22102
23-Mar-2021,EQ,"26,951.00","28,500.00","26,951.00","26,954.50","28,400.00","28,312.20","27,888.35","29,090.00","15,410.00",123156,"3,434,617,997.65",36013
22-Mar-2021,EQ,"26,900.00","27,214.15","26,618.00","26,936.70","26,940.15","26,954.50","26,868.11","29,090.00","15,410.00",45373,"1,219,086,857.80",14318
19-Mar-2021,EQ,"26,455.00","27,118.25","26,100.00","26,595.50","26,899.20","26,936.70","26,668.83","29,090.00","15,410.00",74153,"1,977,574,029.05",21067
18-Mar-2021,EQ,"27,125.00","27,269.95","26,450.00","26,842.20","26,669.75","26,595.50","26,825.96","29,090.00","15,410.00",38464,"1,031,833,732.95",14310
17-Mar-2021,EQ,"27,431.10","27,550.00","26,710.90","27,430.80","26,900.00","26,842.20","27,045.39","29,090.00","15,410.00",38409,"1,038,786,229.95",14658
16-Mar-2021,EQ,"27,895.00","27,948.25","27,351.10","27,644.55","27,360.00","27,430.80","27,614.11","29,090.00","15,410.00",38175,"1,054,168,816.10",13226
15-Mar-2021,EQ,"27,811.50","27,850.00","27,005.10","27,701.50","27,713.00","27,644.55","27,394.64","29,090.00","15,410.00",32587,"892,709,015.25",12679
12-Mar-2021,EQ,"27,878.00","27,980.00","27,541.00","27,555.80","27,630.00","27,701.50","27,713.65","29,090.00","15,410.00",43864,"1,215,631,389.25",15175
10-Mar-2021,EQ,"27,538.90","27,693.85","27,300.00","27,313.15","27,580.00","27,555.80","27,483.05","29,090.00","15,410.00",29812,"819,324,580.55",9961
09-Mar-2021,EQ,"27,445.00","27,980.00","27,151.85","27,185.05","27,250.00","27,313.15","27,551.34","29,090.00","15,410.00",59204,"1,631,149,690.60",18235
08-Mar-2021,EQ,"27,900.00","28,486.95","27,093.20","27,848.60","27,240.00","27,185.05","27,698.57","29,090.00","15,410.00",57156,"1,583,139,475.15",18881
05-Mar-2021,EQ,"28,300.50","28,894.85","27,740.95","28,676.60","27,850.00","27,848.60","28,271.57","29,090.00","15,410.00",65557,"1,853,399,458.25",22241
04-Mar-2021,EQ,"27,450.00","28,850.00","27,335.05","27,695.25","28,500.00","28,676.60","28,284.49","29,090.00","15,410.00",83170,"2,352,420,986.25",22747
03-Mar-2021,EQ,"27,755.50","28,159.55","27,550.75","27,658.75","27,678.90","27,695.25","27,826.51","29,090.00","15,410.00",40649,"1,131,119,983.05",13219
02-Mar-2021,EQ,"27,710.00","27,800.00","27,280.05","27,706.95","27,755.00","27,658.75","27,542.55","29,090.00","15,410.00",39347,"1,083,716,555.05",15176
01-Mar-2021,EQ,"26,600.50","27,832.50","26,600.50","26,501.70","27,665.00","27,706.95","27,249.12","29,090.00","15,410.00",58805,"1,602,384,413.60",19449
26-Feb-2021,EQ,"27,450.90","27,720.50","26,169.90","27,450.90","26,236.10","26,501.70","26,903.39","29,090.00","15,410.00",76766,"2,065,265,500.45",25498
25-Feb-2021,EQ,"27,553.00","27,879.90","27,238.30","27,553.00","27,485.35","27,450.90","27,509.62","29,090.00","15,410.00",52154,"1,434,736,624.95",15248
24-Feb-2021,EQ,"27,313.25","27,849.95","26,500.00","27,260.35","27,650.00","27,553.00","27,269.47","29,090.00","15,410.00",17368,"473,616,169.60",6474
23-Feb-2021,EQ,"27,165.00","27,532.05","26,770.00","27,090.85","27,379.80","27,260.35","27,151.82","29,090.00","15,410.00",46471,"1,261,772,420.75",14764
22-Feb-2021,EQ,"27,615.00","27,750.00","26,927.80","27,542.45","26,947.60","27,090.85","27,354.64","29,090.00","15,410.00",28369,"776,023,708.75",10339
19-Feb-2021,EQ,"27,649.95","27,857.45","26,753.35","27,623.35","27,529.00","27,542.45","27,508.45","29,090.00","15,410.00",50262,"1,382,629,723.25",18216
18-Feb-2021,EQ,"28,580.00","28,580.00","27,358.60","28,268.50","27,740.00","27,623.35","27,801.86","29,090.00","15,410.00",63910,"1,776,816,884.05",20322
17-Feb-2021,EQ,"28,569.40","28,840.45","28,150.05","28,597.40","28,340.00","28,268.50","28,508.59","29,090.00","15,410.00",41156,"1,173,299,374.80",11493
16-Feb-2021,EQ,"28,653.25","29,090.00","28,426.10","28,653.25","28,720.00","28,597.40","28,784.85","29,090.00","15,410.00",70319,"2,024,121,952.05",22650
15-Feb-2021,EQ,"28,184.95","28,840.00","28,101.35","27,965.85","28,639.95","28,653.25","28,519.72","28,840.00","15,410.00",61303,"1,748,344,235.70",17348
12-Feb-2021,EQ,"28,200.00","28,475.00","27,800.00","28,344.20","28,000.50","27,965.85","28,110.19","28,599.10","15,410.00",57620,"1,619,708,874.45",15452
11-Feb-2021,EQ,"28,268.00","28,500.00","28,010.25","28,293.75","28,150.15","28,344.20","28,249.27","28,599.10","15,410.00",54109,"1,528,539,800.35",15077
10-Feb-2021,EQ,"28,245.00","28,596.00","27,853.05","28,165.80","28,270.00","28,293.75","28,206.36","28,599.10","15,410.00",86564,"2,441,655,314.40",23159
09-Feb-2021,EQ,"27,360.10","28,599.10","27,360.10","28,022.20","28,250.50","28,165.80","28,154.19","28,599.10","15,410.00",137375,"3,867,681,857.00",30898
08-Feb-2021,EQ,"26,907.15","28,287.50","26,750.05","26,722.85","27,950.05","28,022.20","27,831.80","28,287.50","15,410.00",183938,"5,119,326,326.35",32393
05-Feb-2021,EQ,"27,112.50","27,286.95","26,614.05","27,091.00","26,722.00","26,722.85","26,938.49","27,329.25","15,410.00",63260,"1,704,129,143.30",19678
04-Feb-2021,EQ,"25,990.00","27,329.25","25,607.60","25,994.40","27,250.00","27,091.00","26,712.85","27,329.25","15,410.00",135104,"3,609,012,962.60",35433
03-Feb-2021,EQ,"26,400.00","26,579.00","25,731.05","26,432.55","26,000.00","25,994.40","26,170.70","26,650.00","15,410.00",110699,"2,897,070,002.50",30301
02-Feb-2021,EQ,"24,543.60","26,650.00","24,200.55","24,543.60","26,333.50","26,432.55","25,942.60","26,650.00","15,410.00",188876,"4,899,933,621.85",48663
01-Feb-2021,EQ,"23,100.00","24,690.45","22,711.95","22,773.35","24,600.00","24,543.60","23,713.69","25,979.50","15,410.00",112280,"2,662,573,190.35",30036
29-Jan-2021,EQ,"23,250.00","23,294.55","22,531.00","23,106.30","22,550.00","22,773.35","22,966.73","25,979.50","15,410.00",58005,"1,332,184,928.50",17700
28-Jan-2021,EQ,"22,745.00","23,189.85","22,670.65","22,820.20","22,950.30","23,106.30","22,948.51","25,979.50","15,410.00",41756,"958,237,951.60",16349
27-Jan-2021,EQ,"23,270.00","23,399.55","22,745.20","23,255.65","22,919.00","22,820.20","22,987.40","25,979.50","15,410.00",62620,"1,439,471,208.35",18412
25-Jan-2021,EQ,"24,050.00","24,050.00","23,160.80","23,694.30","23,225.00","23,255.65","23,538.36","25,979.50","15,410.00",55464,"1,305,531,741.40",17693
22-Jan-2021,EQ,"23,799.00","24,142.00","23,612.45","23,719.00","23,710.25","23,694.30","23,894.24","25,979.50","15,410.00",52209,"1,247,494,458.70",18390
21-Jan-2021,EQ,"24,075.00","24,299.80","23,602.00","23,979.95","23,791.00","23,719.00","23,980.28","25,979.50","15,410.00",51819,"1,242,634,169.75",16616
20-Jan-2021,EQ,"24,470.00","24,470.00","23,835.65","24,374.50","23,930.00","23,979.95","24,057.50","25,979.50","15,410.00",48477,"1,166,235,666.45",13573
19-Jan-2021,EQ,"23,801.00","24,474.85","23,789.00","23,846.90","24,340.00","24,374.50","24,104.62","25,979.50","15,410.00",38386,"925,279,993.10",13799
18-Jan-2021,EQ,"24,400.00","24,400.00","23,610.00","24,413.80","23,700.00","23,846.90","23,832.51","25,979.50","15,410.00",41808,"996,389,580.80",13735
15-Jan-2021,EQ,"24,720.00","24,844.70","24,212.85","24,855.60","24,361.50","24,413.80","24,433.79","25,979.50","15,410.00",35232,"860,851,394.80",12780
14-Jan-2021,EQ,"24,802.00","24,913.85","24,475.00","24,726.40","24,724.05","24,855.60","24,732.68","25,979.50","15,410.00",34671,"857,506,803.40",12229
13-Jan-2021,EQ,"25,585.00","25,600.00","24,567.50","25,369.10","24,650.00","24,726.40","24,916.69","25,979.50","15,410.00",71497,"1,781,468,540.05",20622
12-Jan-2021,EQ,"25,549.00","25,890.00","25,221.00","25,569.30","25,354.95","25,369.10","25,627.97","25,979.50","15,410.00",47467,"1,216,482,706.15",15906
11-Jan-2021,EQ,"25,800.00","25,950.00","25,400.00","25,813.40","25,400.05","25,569.30","25,674.15","25,979.50","15,410.00",58276,"1,496,186,830.20",18414
08-Jan-2021,EQ,"24,960.00","25,979.50","24,960.00","25,002.15","25,814.00","25,813.40","25,532.74","25,979.50","15,410.00",76285,"1,947,765,291.25",20347
07-Jan-2021,EQ,"24,715.00","25,200.00","24,659.85","24,824.35","25,025.00","25,002.15","24,973.74","25,655.50","15,410.00",73979,"1,847,532,161.35",20558
06-Jan-2021,EQ,"24,084.00","24,947.40","23,850.00","23,895.50","24,699.00","24,824.35","24,422.41","25,655.50","15,410.00",73142,"1,786,303,595.25",20190
05-Jan-2021,EQ,"24,199.00","24,199.00","23,701.05","24,034.20","23,922.00","23,895.50","23,890.98","25,655.50","15,410.00",47363,"1,131,548,365.00",14320
04-Jan-2021,EQ,"24,140.00","24,225.00","23,862.00","23,950.30","24,089.00","24,034.20","24,058.89","25,655.50","15,410.00",39942,"960,960,248.95",13790
01-Jan-2021,EQ,"24,050.00","24,276.50","23,865.00","24,013.20","23,990.00","23,950.30","24,029.91","25,655.50","15,410.00",50972,"1,224,852,629.15",12927
31-Dec-2020,EQ,"24,361.00","24,533.75","23,866.00","24,599.95","24,000.00","24,013.20","24,147.04","25,655.50","15,410.00",85988,"2,076,355,982.10",20011
30-Dec-2020,EQ,"23,872.30","24,701.60","23,750.00","23,839.65","24,549.85","24,599.95","24,220.67","25,655.50","15,410.00",57743,"1,398,574,203.60",14739
29-Dec-2020,EQ,"23,875.00","23,906.75","23,680.00","23,715.55","23,825.00","23,839.65","23,803.57","25,655.50","15,410.00",30966,"737,101,365.65",8499
28-Dec-2020,EQ,"24,000.00","24,109.95","23,571.05","23,826.75","23,745.00","23,715.55","23,768.17","25,655.50","15,410.00",58822,"1,398,091,240.00",16983
24-Dec-2020,EQ,"24,190.00","24,259.95","23,554.10","23,894.40","23,786.50","23,826.75","23,843.37","25,655.50","15,410.00",47939,"1,143,027,436.30",13574
23-Dec-2020,EQ,"23,916.70","24,240.00","23,830.90","23,916.70","23,950.00","23,894.40","23,983.10","25,655.50","15,410.00",30687,"735,969,404.80",8478
22-Dec-2020,EQ,"23,717.50","24,070.25","23,389.05","23,717.50","23,833.25","23,916.70","23,732.44","25,655.50","15,410.00",47637,"1,130,542,373.55",15422
21-Dec-2020,EQ,"24,550.00","24,550.00","23,249.15","24,574.40","23,750.00","23,717.50","24,003.61","25,655.50","15,410.00",55774,"1,338,777,537.30",16544
18-Dec-2020,EQ,"24,500.00","24,732.05","24,301.80","24,510.40","24,648.95","24,574.40","24,559.34","25,655.50","15,410.00",106488,"2,615,275,107.10",15330
17-Dec-2020,EQ,"24,383.70","24,899.00","24,315.00","24,259.10","24,599.90","24,510.40","24,640.71","25,655.50","15,410.00",75262,"1,854,509,426.80",18668
16-Dec-2020,EQ,"24,389.00","24,488.90","24,145.70","24,259.65","24,310.00","24,259.10","24,327.38","25,655.50","15,410.00",53857,"1,310,199,456.25",14566
15-Dec-2020,EQ,"23,750.00","24,325.00","23,722.20","23,722.20","24,223.00","24,259.65","24,140.23","25,655.50","15,410.00",75628,"1,825,677,617.10",17248
14-Dec-2020,EQ,"23,810.00","23,986.70","23,652.00","23,805.00","23,750.00","23,722.20","23,805.52","25,655.50","15,410.00",35173,"837,311,554.35",12221
11-Dec-2020,EQ,"23,780.00","23,958.00","23,585.05","23,758.10","23,750.00","23,805.00","23,694.33","25,655.50","15,410.00",54705,"1,296,198,112.30",13456
10-Dec-2020,EQ,"24,420.70","24,499.95","23,687.40","24,420.70","23,740.20","23,758.10","23,900.08","25,655.50","15,410.00",83757,"2,001,798,841.30",18213
09-Dec-2020,EQ,"24,890.00","24,949.20","24,351.00","24,775.75","24,428.05","24,420.70","24,602.93","25,655.50","15,410.00",67836,"1,668,964,612.15",18289
08-Dec-2020,EQ,"24,950.00","25,289.95","24,735.50","24,954.15","24,756.20","24,775.75","24,926.97","25,655.50","15,410.00",59029,"1,471,414,140.60",14009
07-Dec-2020,EQ,"25,000.00","25,089.00","24,724.00","24,912.85","24,831.65","24,954.15","24,927.21","25,655.50","15,410.00",39743,"990,682,117.90",10261
04-Dec-2020,EQ,"24,951.00","25,335.00","24,820.30","24,905.15","24,939.00","24,912.85","25,058.54","25,655.50","15,410.00",63298,"1,586,155,189.95",15899
03-Dec-2020,EQ,"24,785.00","25,040.60","24,702.35","24,635.70","24,930.00","24,905.15","24,866.86","25,655.50","15,410.00",57012,"1,417,709,214.60",15648
02-Dec-2020,EQ,"24,800.00","25,043.70","24,200.00","24,908.40","24,600.00","24,635.70","24,573.59","25,655.50","15,410.00",77649,"1,908,114,806.40",22732
01-Dec-2020,EQ,"25,555.00","25,655.50","24,549.40","24,306.35","24,849.75","24,908.40","24,896.54","25,655.50","15,410.00",95268,"2,371,843,714.55",23180
27-Nov-2020,EQ,"24,473.70","24,529.05","23,351.00","24,381.15","23,811.95","24,306.35","24,300.93","25,355.00","15,410.00",190961,"4,640,529,602.25",31219
26-Nov-2020,EQ,"23,949.00","24,600.00","23,700.00","23,698.80","24,473.70","24,381.15","24,047.99","25,355.00","15,410.00",74560,"1,793,017,767.85",18351
25-Nov-2020,EQ,"24,580.00","24,695.95","23,547.05","24,243.55","23,700.00","23,698.80","24,280.96","25,355.00","15,410.00",83059,"2,016,752,133.80",22318
24-Nov-2020,EQ,"24,550.00","24,688.90","24,067.15","24,465.30","24,285.00","24,243.55","24,284.12","25,355.00","15,410.00",66479,"1,614,383,761.10",16209
23-Nov-2020,EQ,"24,000.00","24,598.95","23,987.00","23,948.70","24,320.00","24,465.30","24,423.53","25,355.00","15,410.00",65833,"1,607,874,568.20",16972
20-Nov-2020,EQ,"23,827.30","24,010.95","23,630.30","23,661.65","23,987.00","23,948.70","23,824.59","25,355.00","15,410.00",50600,"1,205,524,433.65",14232
19-Nov-2020,EQ,"24,000.00","24,287.00","23,503.60","24,069.25","23,570.05","23,661.65","23,990.47","25,355.00","15,410.00",67099,"1,609,736,724.90",14474
18-Nov-2020,EQ,"23,989.75","24,134.70","23,756.00","23,989.75","24,093.70","24,069.25","23,955.44","25,355.00","15,410.00",57487,"1,377,126,225.35",13918
17-Nov-2020,EQ,"23,525.80","24,095.00","23,400.00","23,363.25","23,900.00","23,989.75","23,851.73","25,355.00","15,410.00",87042,"2,076,102,277.95",19789
14-Nov-2020,EQ,"23,500.00","23,600.00","23,280.45","23,435.50","23,303.70","23,363.25","23,412.38","25,355.00","15,410.00",7626,"178,542,815.90",1886
13-Nov-2020,EQ,"23,529.50","23,645.20","23,205.30","23,441.60","23,400.00","23,435.50","23,391.90","25,355.00","15,410.00",73676,"1,723,421,830.00",18284
12-Nov-2020,EQ,"23,120.00","23,624.00","22,880.00","22,867.55","23,485.15","23,441.60","23,343.92","25,355.00","15,410.00",178595,"4,169,108,211.60",38228
11-Nov-2020,EQ,"22,813.00","23,130.00","22,430.00","22,762.80","22,941.05","22,867.55","22,817.85","25,355.00","15,410.00",82845,"1,890,345,118.55",19939
10-Nov-2020,EQ,"22,630.00","23,230.00","22,630.00","22,604.70","22,812.20","22,762.80","22,944.37","25,355.00","15,410.00",112826,"2,588,721,326.50",25795
09-Nov-2020,EQ,"22,280.00","22,737.45","22,059.80","22,053.05","22,737.45","22,604.70","22,371.36","25,355.00","15,410.00",67025,"1,499,440,152.25",17470
06-Nov-2020,EQ,"22,155.00","22,378.90","21,960.00","22,239.40","22,100.00","22,053.05","22,126.30","25,355.00","15,410.00",58031,"1,284,011,499.35",16237
05-Nov-2020,EQ,"22,050.00","22,328.15","21,810.00","21,910.35","22,290.00","22,239.40","22,101.21","25,355.00","15,410.00",82737,"1,828,587,684.35",22211
04-Nov-2020,EQ,"21,876.10","22,077.05","21,725.25","21,876.10","21,948.00","21,910.35","21,930.61","25,355.00","15,410.00",61879,"1,357,044,516.20",15434
03-Nov-2020,EQ,"21,821.50","21,999.95","21,671.35","21,671.35","21,890.00","21,876.10","21,862.99","25,355.00","15,410.00",49230,"1,076,315,100.50",12432
02-Nov-2020,EQ,"21,694.55","21,898.55","21,512.10","21,694.55","21,660.20","21,671.35","21,687.44","25,355.00","15,410.00",46682,"1,012,413,074.35",14617
30-Oct-2020,EQ,"21,738.00","22,050.00","21,519.95","21,677.00","21,604.55","21,694.55","21,772.81","25,355.00","15,410.00",86132,"1,875,335,704.75",22410
29-Oct-2020,EQ,"21,299.00","21,799.95","21,105.05","21,361.20","21,599.75","21,677.00","21,487.45","25,355.00","15,410.00",71428,"1,534,805,375.70",19011
28-Oct-2020,EQ,"21,560.20","21,788.00","21,231.20","21,734.35","21,231.20","21,361.20","21,502.72","25,355.00","15,410.00",80647,"1,734,129,722.45",21120
27-Oct-2020,EQ,"20,548.50","22,100.00","20,424.75","20,424.70","21,500.00","21,734.35","21,499.42","25,355.00","15,410.00",239232,"5,143,348,901.85",57893
26-Oct-2020,EQ,"20,665.70","20,809.75","20,113.10","20,521.15","20,375.45","20,424.70","20,382.67","25,355.00","15,410.00",65851,"1,342,219,230.30",19087
23-Oct-2020,EQ,"21,165.00","21,272.30","20,257.05","20,991.70","20,900.00","20,521.15","20,643.68","25,355.00","15,410.00",78236,"1,615,078,709.65",18870
22-Oct-2020,EQ,"21,200.00","21,290.00","20,901.70","21,147.50","20,988.95","20,991.70","21,045.69","25,355.00","15,410.00",51638,"1,086,757,466.85",14102
21-Oct-2020,EQ,"21,250.00","21,426.95","20,680.15","21,184.80","21,111.05","21,147.50","21,126.27","25,355.00","15,410.00",57076,"1,205,802,941.45",15836
20-Oct-2020,EQ,"21,197.00","21,550.00","21,100.10","21,102.25","21,130.00","21,184.80","21,281.50","25,355.00","15,410.00",70614,"1,502,771,696.25",17877
19-Oct-2020,EQ,"21,200.00","21,400.00","21,022.10","21,177.45","21,200.00","21,102.25","21,239.04","25,355.00","15,410.00",48532,"1,030,772,876.05",11308
16-Oct-2020,EQ,"20,780.00","21,324.55","20,650.00","20,642.25","21,147.00","21,177.45","21,022.38","25,355.00","15,410.00",85125,"1,789,529,980.95",18962
15-Oct-2020,EQ,"21,260.00","21,260.00","20,505.20","21,135.90","20,549.65","20,642.25","20,915.93","25,355.00","15,410.00",55002,"1,150,418,004.50",13727
14-Oct-2020,EQ,"21,088.00","21,320.00","20,651.40","21,088.00","21,040.00","21,135.90","20,969.00","25,355.00","15,410.00",69326,"1,453,696,727.65",16076
13-Oct-2020,EQ,"20,951.00","21,700.00","20,850.00","20,956.10","20,974.85","21,088.00","21,385.01","25,355.00","15,410.00",115699,"2,474,224,322.25",26591
12-Oct-2020,EQ,"21,165.00","21,397.95","20,845.05","21,198.50","20,950.00","20,956.10","21,038.93","25,355.00","15,410.00",56254,"1,183,523,939.30",13672
09-Oct-2020,EQ,"20,800.00","21,250.00","20,686.50","20,735.55","21,192.00","21,198.50","21,080.93","25,355.00","15,410.00",90353,"1,904,725,367.00",19905
08-Oct-2020,EQ,"20,721.20","20,850.00","20,490.00","20,712.50","20,750.00","20,735.55","20,659.72","25,355.00","15,410.00",63460,"1,311,065,711.20",19446
07-Oct-2020,EQ,"20,325.00","20,800.00","20,097.95","20,296.95","20,705.00","20,712.50","20,560.63","25,355.00","15,410.00",78989,"1,624,063,721.35",19850
06-Oct-2020,EQ,"20,155.00","20,446.45","20,001.00","20,131.80","20,325.00","20,296.95","20,239.16","25,355.00","15,410.00",58671,"1,187,451,569.95",13789
05-Oct-2020,EQ,"20,600.00","20,719.05","20,000.00","20,611.00","20,045.00","20,131.80","20,279.37","25,355.00","15,410.00",63076,"1,279,141,429.65",15451
01-Oct-2020,EQ,"20,400.00","20,659.95","20,325.00","20,256.95","20,600.00","20,611.00","20,517.33","25,355.00","15,410.00",71915,"1,475,503,942.80",12734
30-Sep-2020,EQ,"19,860.00","20,535.00","19,661.85","19,834.65","20,184.95","20,256.95","20,227.76","25,355.00","15,410.00",121119,"2,449,966,474.45",26009
29-Sep-2020,EQ,"19,599.00","19,970.00","19,351.40","19,533.15","19,795.00","19,834.65","19,722.83","25,355.00","15,410.00",90411,"1,783,160,669.15",19055
28-Sep-2020,EQ,"19,200.00","19,655.00","19,080.00","19,008.45","19,640.00","19,533.15","19,371.20","25,355.00","15,410.00",40663,"787,691,218.95",9918
25-Sep-2020,EQ,"18,391.50","19,150.00","18,364.55","18,341.95","18,902.00","19,008.45","18,791.43","25,355.00","15,410.00",55983,"1,052,000,745.50",13365
24-Sep-2020,EQ,"18,800.00","18,846.90","18,183.55","18,951.85","18,340.00","18,341.95","18,496.99","25,355.00","15,410.00",64618,"1,195,238,497.05",14995
23-Sep-2020,EQ,"18,985.50","19,115.30","18,536.80","18,982.45","18,931.00","18,951.85","18,845.04","25,355.00","15,410.00",45567,"858,712,099.35",9591
22-Sep-2020,EQ,"19,075.00","19,187.20","18,424.00","18,903.70","18,840.00","18,982.45","18,849.83","25,355.00","15,410.00",71503,"1,347,819,600.10",18326
21-Sep-2020,EQ,"19,520.95","19,600.00","18,707.65","19,520.95","18,778.90","18,903.70","19,174.39","25,355.00","15,410.00",35929,"688,916,700.00",10150
18-Sep-2020,EQ,"19,915.00","20,108.55","19,399.50","19,888.40","19,490.75","19,520.95","19,682.72","25,355.00","15,410.00",82189,"1,617,703,064.65",20677
17-Sep-2020,EQ,"20,375.00","20,375.00","19,795.95","20,387.85","19,910.00","19,888.40","20,005.88","25,355.00","15,410.00",65445,"1,309,284,998.80",16626
16-Sep-2020,EQ,"20,065.25","20,492.55","19,946.15","20,065.25","20,300.00","20,387.85","20,270.72","25,355.00","15,410.00",51069,"1,035,205,213.00",11631
15-Sep-2020,EQ,"19,779.00","20,147.90","19,600.00","19,789.50","20,070.00","20,065.25","19,947.59","25,355.00","15,410.00",71895,"1,434,132,114.90",16117
14-Sep-2020,EQ,"19,512.30","19,985.00","19,500.00","19,502.50","19,680.00","19,789.50","19,751.73","25,355.00","15,410.00",60868,"1,202,248,112.20",16661
11-Sep-2020,EQ,"19,735.50","19,735.50","19,365.10","19,643.35","19,500.00","19,502.50","19,452.33","25,355.00","15,410.00",61264,"1,191,727,512.30",11415
10-Sep-2020,EQ,"19,500.00","19,750.00","19,319.00","19,401.50","19,735.50","19,643.35","19,512.12","25,355.00","15,410.00",44713,"872,445,254.35",12038
09-Sep-2020,EQ,"19,300.00","19,566.00","19,068.05","19,355.85","19,448.00","19,401.50","19,304.96","25,355.00","15,410.00",83567,"1,613,257,804.55",21677
08-Sep-2020,EQ,"19,782.95","20,199.00","19,272.10","19,782.95","19,350.00","19,355.85","19,538.34","25,355.00","15,410.00",65858,"1,286,755,905.50",18205
07-Sep-2020,EQ,"20,100.00","20,119.15","19,636.05","20,025.30","19,760.00","19,782.95","19,792.43","25,355.00","15,410.00",59729,"1,182,181,986.40",16185
04-Sep-2020,EQ,"20,300.00","20,500.00","19,950.00","20,429.00","19,952.75","20,025.30","20,170.00","25,355.00","15,410.00",64482,"1,300,601,804.85",18178
03-Sep-2020,EQ,"20,540.00","20,849.00","20,250.70","20,563.60","20,445.00","20,429.00","20,371.03","25,355.00","15,410.00",50370,"1,026,088,946.15",13783
02-Sep-2020,EQ,"20,599.00","20,748.40","20,450.00","20,466.60","20,540.00","20,563.60","20,594.62","25,355.00","15,410.00",49617,"1,021,843,257.45",15243
01-Sep-2020,EQ,"20,449.00","20,599.95","19,975.00","20,283.00","20,440.00","20,466.60","20,292.38","25,355.00","15,410.00",74780,"1,517,464,241.00",17866
31-Aug-2020,EQ,"21,478.90","21,550.00","20,010.00","21,329.55","20,180.00","20,283.00","20,602.04","25,355.00","15,410.00",114636,"2,361,735,289.40",28768
28-Aug-2020,EQ,"21,645.00","21,800.00","21,251.50","21,528.00","21,350.00","21,329.55","21,441.68","25,355.00","15,410.00",52820,"1,132,549,305.50",14668
27-Aug-2020,EQ,"21,710.65","21,753.30","21,460.00","21,710.65","21,599.90","21,528.00","21,533.46","25,355.00","15,410.00",40826,"879,124,886.55",10873
26-Aug-2020,EQ,"21,950.00","21,999.00","21,600.05","21,810.75","21,650.00","21,710.65","21,754.37","25,355.00","15,410.00",38074,"828,275,769.80",13026
25-Aug-2020,EQ,"22,260.20","22,461.75","21,650.00","22,210.75","21,950.00","21,810.75","21,822.75","25,355.00","15,410.00",64964,"1,417,693,215.25",18480
24-Aug-2020,EQ,"22,317.75","22,543.00","22,156.00","22,317.75","22,212.00","22,210.75","22,344.24","25,355.00","15,410.00",37880,"846,399,976.05",13732
21-Aug-2020,EQ,"22,160.00","22,467.80","22,100.30","22,080.20","22,360.00","22,317.75","22,303.62","25,355.00","15,410.00",34260,"764,122,136.20",10970
20-Aug-2020,EQ,"21,974.00","22,236.45","21,788.20","22,081.30","22,044.75","22,080.20","22,025.22","25,355.00","15,410.00",37684,"829,998,305.75",11546
19-Aug-2020,EQ,"22,148.00","22,173.30","21,850.05","21,914.30","22,080.00","22,081.30","22,056.59","25,355.00","15,410.00",47993,"1,058,562,138.50",15032
18-Aug-2020,EQ,"21,512.75","21,950.00","21,512.75","21,512.75","21,900.00","21,914.30","21,791.52","25,355.00","15,410.00",76377,"1,664,370,803.70",20012
17-Aug-2020,EQ,"21,600.00","21,649.90","21,401.00","21,458.25","21,530.00","21,512.75","21,524.97","25,355.00","15,410.00",34712,"747,174,773.20",10725
14-Aug-2020,EQ,"21,395.00","21,700.00","21,201.55","21,237.00","21,470.90","21,458.25","21,477.55","25,355.00","15,410.00",78902,"1,694,622,010.75",22615
13-Aug-2020,EQ,"21,569.00","21,644.45","21,103.30","21,378.90","21,294.00","21,237.00","21,305.58","25,355.00","15,410.00",66877,"1,424,853,015.75",14448
12-Aug-2020,EQ,"21,566.00","21,634.70","21,270.00","21,551.60","21,425.00","21,378.90","21,437.39","25,355.00","15,410.00",72534,"1,554,939,603.20",18702
11-Aug-2020,EQ,"21,920.00","21,989.95","21,322.00","22,396.40","21,530.00","21,551.60","21,488.02","25,355.00","15,410.00",188583,"4,052,274,456.05",38392
10-Aug-2020,EQ,"22,200.00","22,550.00","21,939.55","21,910.10","22,330.00","22,396.40","22,354.07","25,355.00","15,410.00",125348,"2,802,037,804.40",20955
07-Aug-2020,EQ,"21,900.00","22,074.15","21,621.30","21,722.85","21,849.50","21,910.10","21,891.77","25,355.00","15,410.00",41439,"907,172,892.15",9744
06-Aug-2020,EQ,"22,120.00","22,165.00","21,530.00","22,103.90","21,849.85","21,722.85","21,950.28","25,355.00","15,410.00",56603,"1,242,451,824.05",14287
05-Aug-2020,EQ,"21,793.35","22,150.00","21,451.10","21,593.75","22,105.00","22,103.90","21,832.90","25,355.00","15,410.00",84442,"1,843,614,055.55",16544
04-Aug-2020,EQ,"21,700.00","21,940.95","21,325.90","21,747.25","21,600.00","21,593.75","21,570.26","25,355.00","15,410.00",52275,"1,127,585,437.15",15263
03-Aug-2020,EQ,"21,670.05","21,864.05","21,490.00","21,711.15","21,745.00","21,747.25","21,704.74","25,355.00","15,410.00",29527,"640,875,739.15",11135
31-Jul-2020,EQ,"21,395.50","21,890.00","21,350.00","21,395.10","21,670.00","21,711.15","21,681.62","25,355.00","15,410.00",50697,"1,099,193,204.80",15056
30-Jul-2020,EQ,"21,845.00","22,025.00","21,300.00","21,743.65","21,380.00","21,395.10","21,621.78","25,355.00","15,410.00",51699,"1,117,824,346.85",15095
29-Jul-2020,EQ,"21,696.60","22,200.00","21,624.00","21,915.75","21,710.00","21,743.65","21,942.08","25,355.00","15,410.00",65355,"1,434,024,363.45",16643
28-Jul-2020,EQ,"21,147.00","22,020.00","21,110.00","21,113.85","21,905.00","21,915.75","21,606.78","25,355.00","15,410.00",96902,"2,093,740,057.60",22210
27-Jul-2020,EQ,"21,449.95","21,590.00","21,015.95","21,332.75","21,100.00","21,113.85","21,330.42","25,355.00","15,410.00",61733,"1,316,790,823.05",14726
24-Jul-2020,EQ,"21,547.10","21,600.00","21,160.00","21,568.15","21,280.00","21,332.75","21,340.60","25,355.00","15,410.00",58309,"1,244,349,055.60",14834
23-Jul-2020,EQ,"22,023.00","22,129.45","21,501.00","21,979.45","21,560.00","21,568.15","21,689.15","25,355.00","15,410.00",69558,"1,508,653,980.10",14878
22-Jul-2020,EQ,"22,500.00","22,534.90","21,919.30","22,440.75","22,012.00","21,979.45","22,135.49","25,355.00","15,410.00",44686,"989,146,486.60",11766
21-Jul-2020,EQ,"22,495.00","22,810.00","22,260.15","22,266.10","22,387.00","22,440.75","22,535.60","25,355.00","15,410.00",73617,"1,659,003,256.00",19325
20-Jul-2020,EQ,"22,325.05","22,399.90","22,007.30","22,269.95","22,236.05","22,266.10","22,232.56","25,355.00","15,410.00",38325,"852,062,725.10",13676
17-Jul-2020,EQ,"21,731.10","22,400.00","21,606.00","21,731.10","22,311.45","22,269.95","22,093.98","25,355.00","15,410.00",38076,"841,250,272.45",11921
16-Jul-2020,EQ,"22,031.90","22,031.90","21,250.00","21,843.25","21,670.00","21,731.10","21,626.32","25,355.00","15,410.00",42359,"916,069,436.80",13447
15-Jul-2020,EQ,"22,101.00","22,274.00","21,750.00","22,085.75","21,800.00","21,843.25","21,905.89","25,355.00","15,410.00",48201,"1,055,885,639.55",13459
14-Jul-2020,EQ,"22,388.00","22,394.80","21,710.45","22,311.20","22,000.00","22,085.75","22,019.68","25,355.00","15,410.00",61251,"1,348,727,411.85",16431
13-Jul-2020,EQ,"22,460.00","22,627.85","22,250.00","22,295.40","22,300.00","22,311.20","22,393.30","25,355.00","15,410.00",52262,"1,170,318,777.00",14024
10-Jul-2020,EQ,"22,799.00","22,799.00","22,182.20","22,803.60","22,400.00","22,295.40","22,401.05","25,355.00","15,410.00",44546,"997,877,301.60",14831
09-Jul-2020,EQ,"22,622.00","22,915.00","22,380.20","22,439.80","22,810.00","22,803.60","22,649.39","25,355.00","15,410.00",48256,"1,092,969,107.35",15280
08-Jul-2020,EQ,"22,900.00","23,050.00","22,345.95","22,824.10","22,452.00","22,439.80","22,579.86","25,355.00","15,410.00",57101,"1,289,332,817.35",18520
07-Jul-2020,EQ,"23,072.50","23,087.65","22,656.00","23,111.15","22,850.00","22,824.10","22,823.91","25,355.00","15,410.00",41646,"950,524,723.15",15470
06-Jul-2020,EQ,"22,879.00","23,215.00","22,850.75","22,872.65","23,051.65","23,111.15","22,998.80","25,355.00","15,410.00",84877,"1,952,069,123.75",12527
03-Jul-2020,EQ,"22,985.00","22,987.55","22,737.55","22,762.85","22,782.90","22,872.65","22,857.11","25,355.00","15,410.00",31513,"720,296,094.50",9707
02-Jul-2020,EQ,"22,850.00","22,950.00","22,511.00","22,663.50","22,806.00","22,762.85","22,727.13","25,355.00","15,410.00",42084,"956,448,338.90",11326
01-Jul-2020,EQ,"22,814.35","23,215.00","22,516.80","23,051.05","22,599.00","22,663.50","22,827.82","25,355.00","15,410.00",71638,"1,635,339,510.70",18543
30-Jun-2020,EQ,"22,353.85","23,330.00","22,341.95","22,341.95","23,040.00","23,051.05","22,991.16","25,355.00","15,410.00",102429,"2,354,961,593.40",27662
29-Jun-2020,EQ,"22,450.00","22,483.85","21,927.60","22,523.85","22,353.85","22,341.95","22,189.50","25,355.00","15,410.00",49397,"1,096,094,975.95",13298
26-Jun-2020,EQ,"22,111.00","22,700.00","21,863.40","22,068.80","22,674.45","22,523.85","22,213.19","25,355.00","15,410.00",56262,"1,249,758,750.45",15363
25-Jun-2020,EQ,"22,495.00","22,619.10","21,889.00","22,566.25","22,148.00","22,068.80","22,306.44","25,355.00","15,410.00",47016,"1,048,759,418.65",13732
24-Jun-2020,EQ,"22,750.00","23,068.00","22,330.00","22,756.25","22,476.90","22,566.25","22,680.36","25,355.00","15,410.00",67022,"1,520,082,951.80",16609
23-Jun-2020,EQ,"22,100.00","22,943.10","22,050.00","22,017.60","22,801.00","22,756.25","22,446.79","25,355.00","15,410.00",56193,"1,261,352,407.95",15384
22-Jun-2020,EQ,"21,710.00","22,199.95","21,530.05","21,678.95","22,100.00","22,017.60","21,856.06","25,355.00","15,410.00",97692,"2,135,162,075.55",19308
19-Jun-2020,EQ,"21,840.00","21,930.00","21,566.45","21,866.10","21,650.00","21,678.95","21,738.93","25,355.00","15,410.00",64310,"1,398,030,724.10",14660
18-Jun-2020,EQ,"21,718.00","21,998.95","21,410.00","21,635.40","21,850.00","21,866.10","21,695.72","25,355.00","15,410.00",83639,"1,814,608,623.70",16319
17-Jun-2020,EQ,"21,978.00","22,079.50","21,514.30","22,111.30","21,690.00","21,635.40","21,744.60","25,355.00","15,410.00",70852,"1,540,648,243.55",18545
16-Jun-2020,EQ,"22,291.70","22,539.95","21,800.00","22,117.25","21,977.40","22,111.30","22,184.48","25,355.00","15,410.00",70321,"1,560,034,700.75",20150
15-Jun-2020,EQ,"22,260.00","22,361.05","21,750.00","22,392.65","22,082.25","22,117.25","22,051.63","25,355.00","15,410.00",99776,"2,200,223,840.65",25423
12-Jun-2020,EQ,"20,700.00","23,137.25","20,700.00","21,251.20","22,489.00","22,392.65","21,857.22","25,355.00","15,410.00",147218,"3,217,776,560.25",28551
11-Jun-2020,EQ,"21,648.00","21,648.00","21,204.50","21,513.30","21,277.65","21,251.20","21,399.97","25,355.00","15,410.00",49993,"1,069,848,661.80",16011
10-Jun-2020,EQ,"21,171.05","21,611.05","21,149.85","21,009.80","21,598.00","21,513.30","21,444.29","25,355.00","15,410.00",49867,"1,069,362,296.45",15034
09-Jun-2020,EQ,"21,535.95","21,585.00","20,908.80","21,180.90","21,098.95","21,009.80","21,254.93","25,355.00","15,410.00",64086,"1,362,143,358.15",18303
08-Jun-2020,EQ,"22,117.75","22,296.50","21,000.00","22,089.60","21,228.00","21,180.90","21,591.85","25,355.00","15,410.00",73283,"1,582,315,746.60",22153
05-Jun-2020,EQ,"21,500.00","22,430.00","21,500.00","21,396.65","22,000.00","22,089.60","21,917.03","25,355.00","15,410.00",55227,"1,210,411,849.10",14167
04-Jun-2020,EQ,"21,611.00","21,869.50","21,067.40","21,630.10","21,385.00","21,396.65","21,405.55","25,355.00","15,410.00",43072,"921,979,896.90",15349
03-Jun-2020,EQ,"21,544.00","21,740.00","21,251.00","21,201.00","21,670.95","21,630.10","21,569.31","25,355.00","15,410.00",49111,"1,059,290,626.45",15732
02-Jun-2020,EQ,"21,180.00","21,340.00","20,952.65","21,069.35","21,241.50","21,201.00","21,164.81","25,355.00","15,410.00",42170,"892,520,069.45",13248
01-Jun-2020,EQ,"20,857.30","21,464.70","20,855.50","20,857.30","21,025.00","21,069.35","21,089.07","25,355.00","15,410.00",74696,"1,575,269,113.85",20255
29-May-2020,EQ,"20,850.00","21,049.00","20,608.90","20,808.90","20,800.00","20,857.30","20,873.85","25,355.00","15,410.00",76672,"1,600,439,854.70",22038
28-May-2020,EQ,"20,649.00","21,163.35","20,260.80","20,477.55","20,900.00","20,808.90","20,627.91","25,355.00","15,410.00",77640,"1,601,551,055.45",21963
27-May-2020,EQ,"20,702.75","20,900.00","20,300.00","20,667.30","20,535.00","20,477.55","20,511.48","25,355.00","15,410.00",81015,"1,661,737,515.50",23165
26-May-2020,EQ,"19,810.10","20,759.95","19,700.00","19,910.25","20,540.00","20,667.30","20,371.54","25,355.00","15,410.00",115383,"2,350,529,800.90",29084
22-May-2020,EQ,"19,019.00","20,079.95","18,803.20","19,251.15","19,850.00","19,910.25","19,500.60","25,355.00","15,410.00",97537,"1,902,029,921.30",25921
21-May-2020,EQ,"19,156.00","19,349.60","18,750.00","19,411.65","19,180.00","19,251.15","19,077.00","25,355.00","15,410.00",83404,"1,591,098,169.05",24447
20-May-2020,EQ,"18,351.05","20,150.45","18,351.05","18,340.75","19,484.95","19,411.65","18,972.30","25,355.00","15,410.00",95883,"1,819,120,774.30",25748
19-May-2020,EQ,"18,300.00","18,820.00","18,075.00","18,152.70","18,400.00","18,340.75","18,465.40","25,355.00","15,410.00",68436,"1,263,697,780.35",21340
18-May-2020,EQ,"19,200.00","19,239.45","18,000.00","19,180.50","18,115.00","18,152.70","18,655.69","25,355.00","15,410.00",66740,"1,245,080,915.45",20829
15-May-2020,EQ,"19,509.90","19,563.55","18,811.50","19,310.80","19,059.70","19,180.50","19,073.26","25,355.00","15,410.00",52718,"1,005,504,112.85",16395
14-May-2020,EQ,"19,700.00","19,928.85","19,165.10","19,763.25","19,355.00","19,310.80","19,408.39","25,355.00","15,410.00",76779,"1,490,156,574.45",16153
